age,income,credit_score,loan_amount,target
56,103021,743,21205,1
46,94184,597,32331,1
32,72945,660,18934,1
60,38140,673,15095,1
25,108457,602,30958,1
38,39357,720,42008,0
56,93673,545,23706,1
36,90633,536,48516,1
40,101943,833,43066,0
28,103258,484,36472,1
28,37924,767,39629,0
41,94286,662,28004,0
53,118269,582,25431,1
57,99071,635,45088,1
41,82326,461,49135,0
20,115023,459,43015,0
39,55651,773,39502,1
19,95202,621,36385,0
41,73777,311,9663,1
61,41994,723,43677,0
47,92263,372,17818,0
55,84634,500,27686,1
19,35800,821,28977,0
38,62823,804,45931,0
50,88878,338,23454,1
29,43708,359,18358,0
39,37819,620,11668,0
61,99905,734,45769,1
42,88870,707,14921,1
44,34283,685,39959,0
59,55573,377,37328,0
45,103707,493,13859,1
33,55933,584,28970,0
32,30774,826,13872,0
64,97055,823,24230,1
61,35983,455,31708,0
20,43133,639,23847,0
54,39939,424,32105,0
24,25781,579,9922,0
38,81700,427,9392,1
26,52624,613,18541,0
56,31823,631,24551,0
35,43489,449,24381,0
21,64961,753,40995,0
42,54118,335,27948,0
31,106816,719,31728,1
26,47263,321,7024,0
43,38565,505,21713,0
19,45354,655,7486,0
37,67951,739,6155,1
45,116179,395,15082,1
64,48648,463,42245,0
24,75729,447,23569,0
61,66971,829,12086,1
25,43658,593,7317,0
64,46253,494,41389,1
52,89166,779,9491,1
31,73563,422,20916,0
34,51390,699,20248,1
53,113664,751,7511,1
57,76578,403,29226,0
21,104025,761,30025,1
19,57658,695,47314,0
23,31852,636,12848,0
59,119986,441,19274,1
21,27551,616,35958,0
46,96947,826,40233,1
35,86001,700,21304,0
43,74159,609,16294,1
61,76707,794,31425,1
51,58243,408,8175,1
27,46800,671,45617,0
53,100939,505,32775,0
31,82828,342,14425,0
48,32239,544,31013,0
32,31710,586,32928,0
25,46384,654,49990,0
31,46038,775,46212,0
40,65846,382,13210,1
57,112983,409,7759,1
38,92821,489,21091,0
33,62991,550,5002,0
62,104057,590,45958,1
35,31971,500,35160,0
64,54139,625,25707,0
41,110445,810,20248,1
43,102067,708,10773,1
42,105257,807,17786,1
62,109742,371,20037,1
58,62711,546,6885,0
46,31530,643,44828,0
32,36116,353,21331,1
62,90794,827,45612,1
18,25282,831,27495,0
42,104473,492,18450,1
24,26898,357,14491,0
26,29135,736,14268,0
41,31629,410,32757,0
18,110120,428,46907,0
61,114087,625,11791,1
25,90031,307,44939,0
41,58380,328,33314,0
28,42071,411,33583,0
34,45074,430,26550,0
25,115724,487,5093,1
52,92843,774,40755,1
52,64901,663,14967,1
50,36205,503,21218,0
22,80661,511,48220,0
59,30906,575,13627,0
56,27591,372,9947,0
58,87987,542,44419,0
45,88370,401,28178,1
24,105685,470,33876,0
26,79400,487,27908,0
25,50150,740,40912,0
29,56852,385,24971,0
51,67870,775,37584,0
50,77756,351,13959,1
40,81481,410,33261,0
41,26283,342,46065,0
54,58691,510,44462,0
52,26125,499,20835,0
61,92065,325,24257,1
57,51170,598,8346,1
39,33438,376,35807,0
44,45095,436,35418,0
52,41154,319,16340,1
18,33004,739,38012,0
52,34752,510,40393,0
54,80426,734,41617,1
64,51819,506,14597,1
31,117051,738,30557,1
20,49217,341,12737,0
18,113708,710,49768,1
22,57994,822,46101,0
43,40036,726,22276,0
31,102275,574,12310,1
56,74416,747,40167,0
44,34587,668,42408,0
26,25645,519,24344,0
32,55930,531,15391,0
32,106835,627,15892,1
43,55090,742,16197,1
59,112489,351,18050,1
30,77142,675,41142,0
49,51475,562,46615,0
56,43888,566,48728,0
49,68732,658,18535,1
21,106623,616,46002,1
47,71305,623,48271,1
54,71037,720,10122,1
40,34346,345,14852,0
56,25587,568,10387,0
62,37763,680,36759,1
32,84165,417,45399,0
60,94615,415,44994,1
46,61116,559,42876,0
53,110751,374,39878,0
30,116353,779,38725,1
49,115301,604,12146,1
24,50556,306,5560,0
39,84042,665,6312,1
45,43099,822,23205,0
19,70096,647,16595,0
59,96986,737,27030,1
62,38230,514,26329,0
23,54009,728,43142,0
45,95969,797,7651,1
45,58866,839,15006,1
61,109246,666,47701,1
61,101975,612,40645,1
37,66855,837,26966,1
47,106557,353,32846,0
28,31416,840,26774,1
45,97516,766,9083,1
42,80915,463,38513,0
56,43058,633,13749,0
50,101637,846,35783,1
18,65718,647,22325,0
44,57602,572,23680,0
30,99658,713,22323,0
58,103112,799,27684,1
20,83067,392,39493,0
56,52516,378,17213,0
23,112969,516,36831,1
25,26089,657,47296,0
44,62346,806,32713,0
26,99663,480,46621,0
54,35487,545,12187,0
50,25155,543,37800,0
59,92494,805,37583,1
61,101229,721,19408,1
41,63547,619,27369,1
32,53795,386,8414,1
49,80296,516,24510,1
49,46447,789,17120,0
41,61598,818,39311,0
58,66814,577,38039,1
29,115751,468,10295,1
56,100330,629,25460,1
19,112960,740,19963,1
20,88278,690,16580,1
54,80077,795,27286,1
34,96906,680,32328,1
19,34528,605,24093,0
19,118812,812,26605,1
45,75100,487,49813,0
40,33179,815,47705,0
54,73781,726,11722,1
49,80267,801,45969,1
50,107379,559,41912,0
18,48952,812,43374,0
36,78798,370,11766,0
19,75939,777,20928,0
61,54516,477,26274,0
43,81526,756,39416,0
49,35449,488,25612,0
23,75290,590,39898,0
49,111661,819,34047,1
21,97954,591,48356,0
28,47746,582,42134,0
34,92990,843,6506,1
55,83810,676,20222,1
41,108297,455,17363,1
22,40223,807,24613,0
51,97237,712,49563,0
23,27597,827,35628,1
39,90677,654,47626,0
28,27659,486,9136,0
33,111516,330,16161,1
50,99567,559,40457,1
26,40037,720,28574,0
23,71738,828,31902,1
33,96678,603,7810,1
46,37109,338,16663,0
20,47010,788,11152,0
37,33787,841,5012,1
53,33472,577,16162,0
36,48383,502,27322,0
43,86709,365,12999,0
20,94785,407,12219,0
36,59518,567,10328,1
37,78909,521,8621,1
49,43351,829,29256,1
24,94624,389,49433,0
58,78330,554,16314,1
50,40282,754,5652,1
57,109866,552,21182,1
56,46778,556,46580,0
35,49264,682,41558,0
57,84675,741,20659,1
18,30075,389,39413,0
28,100948,689,15435,1
45,73454,343,33067,0
42,53365,318,27258,0
40,97766,400,33287,1
48,73200,656,8688,1
47,36002,841,12689,1
59,38947,332,6379,0
52,104222,528,42011,0
24,119840,823,48005,1
33,103610,454,32624,1
43,77142,722,30964,0
19,81307,545,27891,1
18,29493,704,43379,0
29,75085,840,17516,1
22,59228,460,18886,1
54,104676,416,25307,1
49,76875,570,29843,1
26,56655,786,10912,1
58,68472,471,26514,0
52,74437,573,26823,0
36,74416,558,33797,1
33,84711,434,11449,0
20,31816,721,6725,1
37,102175,720,20870,1
41,89307,485,14304,1
50,71733,663,12522,1
41,36240,677,18663,0
28,117493,822,9784,1
25,96363,495,14472,1
53,57762,397,33952,1
55,33259,321,15055,0
57,75139,749,34508,1
37,39849,471,17676,0
52,106768,682,30192,1
42,114709,433,29722,1
52,79869,725,12446,1
42,88095,324,9725,1
46,95910,802,25061,1
35,111710,484,27671,1
63,48567,384,6409,0
35,60292,443,13205,0
19,99813,711,21365,1
52,76631,523,5256,1
33,34885,519,20704,0
58,84659,478,34902,0
53,79306,732,40758,1
50,91314,564,6195,1
21,90087,728,39012,1
50,54165,715,16415,0
31,83929,752,44534,0
38,92028,496,26686,1
37,74812,352,16662,0
25,75500,779,33743,1
24,104151,742,37161,0
20,83643,629,48081,0
34,69900,550,7402,1
50,67946,422,18275,1
29,32851,686,33182,0
39,41288,638,19915,1
39,97692,647,5909,1
63,92580,328,5372,1
47,32368,334,27620,0
55,110436,817,39112,1
55,71403,695,13515,1
62,116170,593,7431,1
25,34168,648,26054,0
44,111497,446,37624,1
44,74879,366,15585,0
51,84871,819,36958,1
38,114388,421,6695,1
47,57174,639,39675,0
50,117491,474,38787,1
45,31581,750,49225,0
64,96853,435,6403,1
50,89046,315,22810,0
22,74678,632,13855,0
36,51649,494,43636,0
21,113668,795,15839,1
52,107325,308,5010,1
34,39567,633,44098,0
61,105404,632,14230,1
45,114906,626,45232,1
47,86944,314,40771,0
46,103002,525,34256,1
63,53803,724,30651,1
23,43230,707,37383,0
52,42862,412,44963,0
58,68355,727,18662,1
54,56259,300,18739,1
41,112445,565,6789,1
46,55795,790,24420,1
63,33770,507,28761,0
48,36093,668,45366,0
52,71571,605,42606,1
50,25193,311,43640,0
38,42569,644,49135,0
49,36190,764,42067,0
40,87824,793,22357,1
50,67752,667,44851,0
20,57327,719,43262,0
35,67070,470,16317,0
42,110925,433,26534,1
59,65197,726,30734,1
48,27261,324,40897,0
20,118905,829,37872,1
57,51512,489,45201,0
63,31716,440,12689,0
41,111795,614,8567,1
49,53933,743,25732,1
64,29378,618,25774,0
39,65583,740,28195,0
40,110371,391,42412,0
19,54033,478,49098,0
44,49000,355,27257,0
59,100868,454,9394,1
19,67604,410,41302,0
43,93336,436,27228,1
34,98869,531,17388,1
57,30410,767,16319,1
50,108375,780,11475,1
26,81044,367,36555,0
60,88315,548,23158,1
56,96344,622,19728,1
46,31796,817,49774,0
59,111716,731,34545,1
43,79245,786,36100,1
52,68056,728,21150,1
42,42709,568,38214,0
41,83557,836,37876,1
30,42543,447,8239,0
24,62418,417,43699,0
53,119611,666,41821,1
62,41724,365,35615,0
37,28828,669,18746,0
18,42087,474,25921,0
25,37605,794,27745,1
63,56337,413,6245,0
33,30482,410,29853,0
31,90333,738,32632,1
29,117541,446,17856,1
40,113296,334,10105,1
32,75952,608,40690,1
45,30463,837,7513,1
51,95448,313,7801,0
19,29648,673,37345,0
49,58623,727,18895,1
40,84156,532,44749,0
39,60634,739,13221,1
42,69602,801,11038,1
39,74334,574,37031,0
39,93648,375,20082,0
59,47054,738,19648,1
23,95028,588,5364,0
32,47207,839,39568,0
60,105650,552,19110,1
54,106554,425,10958,1
50,46386,476,14096,0
25,108276,336,12436,1
61,84518,709,26177,1
61,77781,426,31754,1
22,77780,782,29544,1
56,86440,467,17638,1
21,69199,593,5179,0
23,86035,642,8873,1
62,33210,609,22570,1
49,69363,827,22157,1
47,103279,839,9460,1
64,85348,718,5352,1
52,80284,743,26586,1
57,97124,535,10344,1
33,93847,738,9507,1
30,47432,513,42598,0
59,89089,384,48988,0
47,80398,384,37885,0
36,28321,788,21865,0
34,106348,364,42055,0
36,62383,363,32213,0
45,103682,642,9477,1
43,104190,651,11533,1
54,77893,457,28396,1
43,60820,790,17755,0
40,91262,762,5865,1
26,28760,524,16173,0
29,47190,612,43097,0
18,92411,765,38371,0
18,48377,387,43524,0
64,71737,602,16254,1
51,94569,734,9018,1
49,63211,434,10192,1
42,107909,349,7015,1
57,28744,731,47618,0
62,49995,639,8380,0
18,41977,646,33343,0
33,59542,646,8770,0
56,35651,544,10829,0
22,103931,408,39381,1
39,41715,832,20545,1
46,69409,389,23263,0
20,49306,595,43140,0
29,44086,411,48306,0
43,39376,476,30675,0
33,86350,642,30362,0
54,96425,400,5148,1
39,61636,700,6754,1
46,111120,327,31745,1
31,76649,836,12378,1
45,59610,357,25140,0
22,35058,797,14371,0
64,99637,596,31999,1
47,103033,433,17779,1
63,95194,630,36075,1
22,101917,548,35697,0
29,89200,849,14795,1
33,71619,374,43460,0
43,42154,467,9218,0
43,44539,802,42571,0
38,85058,654,16672,1
56,87068,524,36042,1
53,102313,830,40950,1
50,55373,445,16009,0
47,58154,540,24544,0
54,31031,643,34381,0
40,118533,334,30287,0
27,96975,300,7586,0
22,47785,452,7648,0
53,103928,728,45081,1
51,53669,807,23101,0
48,119475,425,26692,1
27,27282,790,12407,0
36,59624,781,22254,1
49,73438,644,20234,0
18,114900,520,27211,1
22,92534,324,34480,1
62,56705,827,29846,0
21,63244,481,47503,0
33,99964,798,20321,1
41,62437,341,17646,0
33,102872,780,27117,1
19,99878,738,9893,1
45,97982,701,14476,1
49,75583,845,22270,1
44,63392,644,26702,1
37,32461,344,9382,0
41,35516,320,6785,0
29,104285,369,16735,1
52,42514,347,35177,0
50,61268,790,35712,0
50,115486,586,21679,1
60,61788,309,48013,0
54,100749,841,40365,1
29,86049,573,22064,0
20,87493,680,35563,0
18,61027,628,38092,0
50,118547,778,31867,1
57,67849,314,38754,0
27,42858,815,24502,0
60,109162,490,5760,1
61,104003,467,29142,1
46,77395,820,49653,1
30,64758,436,46996,0
29,79312,453,22290,0
48,93670,687,10499,1
63,107279,508,5364,1
19,40434,571,24797,0
52,89047,442,45795,0
40,72775,368,37535,0
34,100769,546,21105,1
43,91677,560,12939,1
25,108555,378,18936,1
46,110920,824,47029,1
43,70734,629,20863,1
27,113503,488,17561,1
43,65603,394,15447,0
51,101708,307,35624,1
58,106926,366,49646,0
24,93803,795,17411,1
21,64332,490,24465,0
62,116703,665,43216,1
28,46312,820,24642,1
46,118376,416,36262,1
53,109526,566,35363,1
42,69179,784,7107,1
38,96442,808,12928,1
53,65379,597,24317,1
27,42297,463,30017,0
54,27011,675,18528,1
26,69014,567,18313,0
41,36738,848,6559,1
52,119333,373,20167,1
52,72498,807,20343,1
53,36120,372,43598,0
35,33767,607,12523,0
56,47852,498,33439,0
49,104239,429,20524,1
41,25929,786,18285,0
40,102487,450,15973,1
49,116575,505,27694,1
54,42438,478,40774,0
29,73515,496,9302,1
30,30744,388,27391,0
40,108820,733,9611,1
42,67417,482,14372,0
52,32069,508,29312,0
58,67359,792,19080,1
47,44799,429,20082,0
34,118762,312,47861,0
37,95188,405,35677,0
42,114859,674,25874,1
39,32597,398,13378,0
30,72093,491,6597,1
36,62226,624,16600,1
53,97127,766,8747,1
29,116369,666,18879,1
58,102362,617,18017,1
36,51417,443,29815,0
29,43693,683,23964,1
26,104674,515,33812,0
24,78161,660,45200,0
45,27169,623,29714,0
31,109092,314,23890,0
48,47052,516,9725,0
36,96849,791,48205,1
64,98851,846,25684,1
33,33036,482,31325,0
22,56778,569,37542,0
52,52734,766,18092,1
29,48173,818,35382,0
42,55403,841,44770,0
38,91321,766,30457,1
53,96675,604,11131,1
40,31344,443,30215,0
33,43800,410,17612,0
56,50372,531,42305,0
62,86516,799,18091,1
59,45538,572,40103,0
56,88918,472,42089,0
31,39973,306,34759,0
48,96155,454,5559,1
22,84500,821,5713,1
52,61575,845,42361,1
40,67261,847,20184,0
46,52716,817,20261,0
60,28236,514,25372,0
28,40848,433,37140,0
35,27352,584,38024,0
64,26932,425,37544,0
29,101449,738,5037,1
26,33556,451,48032,0
27,111836,630,17697,1
61,30498,837,46420,0
34,101118,682,36707,0
55,75098,414,31016,1
24,89386,781,39600,1
63,34569,583,28984,0
30,81882,374,10167,1
57,95393,465,5432,1
59,25340,488,9151,0
26,68949,377,11411,0
44,107302,320,35788,1
19,87443,483,31623,0
22,116668,521,27104,1
46,99027,627,5256,1
54,25138,478,38439,0
55,25358,411,38257,0
36,100250,358,44657,1
25,110376,626,49674,1
62,55654,490,23066,1
18,50879,499,37746,0
39,106532,611,7460,1
34,80778,334,42297,0
24,62772,678,39743,0
42,83478,686,8216,1
62,89353,536,19267,1
21,51762,818,14581,0
53,38283,582,9515,0
23,88922,300,27076,1
48,64420,763,49816,1
36,80568,529,14776,0
61,110090,471,26947,1
56,45219,386,7963,1
44,82169,422,11786,1
27,99965,597,18866,1
43,71840,783,43968,0
36,69695,464,37305,0
56,109754,682,22360,1
20,102988,508,45113,1
62,83342,731,37813,1
30,43951,688,6193,0
45,26307,523,9512,0
37,105388,302,27666,1
45,115768,671,21630,1
25,60428,745,13983,1
58,117021,415,5636,1
56,100774,569,8775,1
18,63975,746,7421,0
20,26140,667,18025,0
30,49842,552,14280,1
45,51421,616,41951,0
42,26708,714,16351,1
50,28630,394,43091,0
55,44595,323,35171,0
23,101021,349,8644,1
61,53308,801,21142,1
62,69789,797,12773,1
49,80690,634,33466,1
62,51086,378,15778,0
64,41859,326,17501,0
38,32684,570,7108,0
33,116088,546,34369,1
38,26207,686,41382,0
28,71099,660,30818,1
54,92496,787,15251,1
53,91093,651,28341,1
52,54689,555,16678,1
36,73651,521,19367,0
37,38893,300,34672,0
35,91418,845,9332,1
64,85011,745,17002,1
58,63635,378,25284,0
31,81115,535,20700,0
32,103405,633,18769,1
48,97702,648,34318,1
18,103518,397,29323,1
20,97805,381,32610,1
33,83954,801,11963,1
40,53064,776,12838,1
28,104063,849,17243,1
29,27454,313,32939,0
27,45878,691,6845,0
49,76098,646,21766,1
33,87154,609,41880,0
25,37991,685,17780,0
55,93344,508,47856,0
29,61593,656,6509,1
41,61304,393,28957,0
45,55386,392,39346,0
25,80220,639,22263,1
45,94338,744,31148,1
53,119289,321,36533,1
43,46083,590,47608,0
25,43354,784,17931,1
45,47190,605,6359,1
45,31142,427,29532,0
54,53398,572,25344,0
58,76971,741,9242,1
53,66862,802,25601,1
44,78410,429,24116,1
34,44503,431,40477,0
26,73456,781,35782,0
50,107035,689,23880,1
37,33016,624,8499,0
30,27384,368,36587,0
45,87320,747,49458,1
46,40072,827,31020,0
30,105018,464,13080,1
63,65510,787,28207,1
52,73933,725,38957,1
23,46826,564,18908,0
35,93026,641,35652,1
22,50518,577,35344,0
64,49045,738,30034,1
42,75876,456,30788,0
19,117446,721,17751,1
27,115102,550,38793,0
47,76919,829,37839,1
62,52103,626,43314,1
22,61188,396,40453,0
50,30845,812,14385,1
18,111698,515,23232,1
35,61674,431,48344,0
49,44337,559,39790,0
64,47313,424,20831,0
28,51943,381,25125,0
38,102949,582,22682,0
43,25276,358,41870,0
42,76151,843,22288,1
39,42611,460,40794,0
44,36944,583,44477,0
30,77887,405,29405,0
50,106442,404,43737,0
51,74847,738,7620,1
58,83653,527,40414,1
52,111072,617,42633,1
18,81622,763,40057,0
38,52810,771,45138,0
23,102842,355,18854,1
45,35503,312,14677,0
34,109761,739,49111,1
22,61976,317,29074,0
48,36590,412,22824,1
22,35886,528,5765,0
55,37866,470,36615,0
20,91624,594,41860,0
40,93899,488,17975,1
54,57792,725,14341,1
54,34764,378,33141,0
27,111156,481,17334,1
27,67727,798,20835,1
36,103471,370,31548,0
34,33068,547,40434,0
38,32295,445,30039,0
31,66160,595,37530,1
26,36390,769,43736,0
63,45131,805,45409,1
18,119754,492,23565,1
62,100969,367,14834,1
30,40038,793,41656,0
21,77327,351,5840,0
18,118718,662,18873,1
57,102064,773,36568,1
49,46281,820,15846,1
51,79189,730,10899,1
45,73511,597,25502,1
48,33605,734,5565,0
25,26381,497,43773,0
56,91634,427,46924,0
43,44810,831,48242,0
51,49322,710,14187,1
20,66869,364,12226,0
29,57955,540,47147,0
18,86388,668,43658,0
61,35207,835,9311,1
22,112329,683,49214,1
47,92628,730,46616,1
47,53220,382,30689,0
34,109050,585,11083,1
64,99085,833,17598,1
40,47031,758,21940,0
32,95721,511,31880,1
54,105807,425,7580,1
38,96312,712,47321,1
31,84766,798,14386,1
19,37449,724,24522,0
28,114833,842,31224,1
56,81699,457,19635,1
55,106253,411,5671,1
51,71092,701,38545,1
55,88671,421,31855,0
51,35350,572,40790,0
35,93487,593,19260,1
47,42622,697,6074,1
32,95263,770,47676,0
44,78117,506,14475,1
51,83394,409,17878,1
55,48782,739,20120,0
50,53454,577,28147,1
41,92904,781,6986,1
32,40592,413,48593,0
47,47173,776,37430,1
59,58204,620,46961,0
34,60596,478,22430,0
22,59324,518,7176,0
46,86202,827,23722,1
21,114400,791,47815,1
27,55750,360,23617,0
34,101112,353,32115,0
27,41566,837,42376,0
34,32190,364,16906,0
37,113607,470,45002,1
41,63333,572,11610,1
22,105905,834,48292,1
51,114571,690,18411,1
23,26589,626,14180,0
19,50235,407,15073,0
30,25159,461,42251,0
60,37145,751,35960,0
60,105909,505,10901,1
28,56921,315,43897,0
64,41237,626,48183,0
40,33244,301,9482,0
33,39743,309,47454,0
48,71101,733,30428,1
28,109227,424,12400,1
33,81378,380,44574,0
25,96126,784,48284,1
21,81071,449,12396,0
57,96121,639,12338,1
21,99763,428,47718,0
42,118814,737,17500,1
20,37237,800,16545,0
49,40649,357,10241,0
20,62713,497,28778,0
44,98463,510,27821,1
46,70409,344,9695,0
49,73766,396,16530,1
36,71154,578,19318,1
38,32016,834,27331,1
22,104563,709,31355,1
35,73688,760,16324,1
45,114678,690,33149,1
59,79238,343,8218,1
39,83608,326,25141,0
38,114081,396,41784,1
23,56897,847,7837,1
18,75961,518,44802,0
22,93703,484,45077,0
58,69757,368,19379,0
29,51917,429,9239,0
43,47736,633,49896,1
63,52990,453,25812,0
51,87551,846,34669,1
31,83161,378,14611,0
43,104623,712,9150,1
62,47440,845,16109,1
44,60205,468,39214,0
26,105811,814,31016,1
43,80103,613,16936,1
64,95812,331,16036,1
39,66627,586,44236,0
64,44008,342,19021,0
47,96274,300,41943,1
60,57402,569,42848,0
34,78384,479,20471,0
43,30793,817,28244,1
53,30571,402,43985,0
18,41209,309,43440,0
25,115930,389,6502,1
52,68148,525,39178,0
32,116218,425,8770,1
64,27224,508,47865,0
39,73695,396,9001,1
31,57441,373,25946,0
43,64129,490,5598,1
45,87368,355,35316,0
40,117122,331,30567,1
31,69760,826,31508,1
41,48478,583,48744,0
19,96854,793,44159,1
62,119230,486,35276,1
43,110716,797,28671,1
31,37180,741,21450,1
24,40372,429,19908,0
20,54796,591,49358,0
64,83272,413,40518,1
40,114963,498,36212,1
63,118635,312,47684,0
60,79040,570,11806,1
64,100357,514,44197,0
62,96368,743,45891,1
35,103356,811,23015,0
55,41211,746,44220,0
52,30842,373,22158,0
32,88115,836,20456,1
42,91852,400,32588,0
54,70968,475,27491,0
45,42508,726,29188,0
27,47005,416,32079,0
56,79575,465,9019,1
34,105742,340,17419,1
56,43971,728,38697,0
39,50599,643,24396,1
43,112592,723,44032,0
61,91914,665,34892,0
42,92055,419,12973,1
34,112697,528,47465,1
30,30355,429,26113,0
37,79120,651,16136,1
42,99619,617,24203,0
21,63342,636,36285,0
27,110992,572,28039,1
20,103860,416,6184,1
58,27257,667,27727,0
62,52364,393,21911,0
35,49972,467,5916,0
64,51654,640,8574,1
53,105769,451,41087,0
64,106423,573,22790,1
39,54320,795,22625,1
51,45808,400,10206,0
64,77389,381,24517,0
25,59773,828,42696,0
57,76168,372,21105,0
61,52747,313,40656,0
36,101396,732,7690,1
59,108692,456,41859,0
58,82505,431,5690,1
54,110896,637,30103,1
23,43135,703,39263,0
43,115887,675,16085,1
51,72377,406,30825,0
62,48554,564,15720,1
23,87491,504,43641,1
54,80621,378,42271,0
50,83283,454,16720,1
39,110140,546,5897,1
38,41923,830,22094,1
23,72591,837,41463,1
23,87261,453,40454,0
21,79336,453,28572,0
47,99083,391,43546,0
28,85948,732,20150,1
47,58002,637,21799,1
48,105098,779,14663,1
41,98016,430,41948,0
26,51672,749,42030,1
20,29213,572,32007,0
48,35293,476,40283,0
57,80860,348,30671,0
54,87507,654,30385,1
53,82134,607,16236,0
41,27100,345,27024,0
48,86997,601,44384,0
23,53172,707,22376,0
19,45132,488,42138,0
37,43199,428,23157,0
45,61609,836,24945,1
28,67965,565,41584,0
21,33016,417,28017,0
32,64779,763,6756,1
23,56881,443,40141,0
47,107594,741,7576,1
55,49472,499,30467,1
19,76813,456,41952,0
32,61021,786,36205,1
28,79131,433,40165,0
25,49087,447,17674,0
43,37828,635,48094,0
62,86610,370,48314,0
61,26401,532,27353,0
22,110179,633,34849,0
23,40193,389,9535,0
43,117389,633,46936,1
21,69864,498,22118,0
36,45307,460,5632,1
37,44611,837,18280,1
50,68791,420,19746,0
37,36950,600,42036,0
29,101240,735,24285,0
64,102403,367,23047,0
18,27745,758,15207,0
43,80243,813,10591,1
31,28866,697,32757,0
55,57245,585,21226,1
54,69724,439,34732,0
28,96354,581,32206,1
53,76374,756,25256,1
30,55116,386,38822,0
60,106029,378,46340,1
20,118574,504,48351,0
50,45447,636,45775,0
23,55431,553,14784,1
27,42908,603,42029,0
22,54336,679,40157,0
40,65992,429,24937,0
27,80350,575,16219,1
61,94561,482,14399,1
19,76955,567,38312,0
30,86240,621,32657,1
57,45093,811,25047,1
19,31155,377,40007,0
37,71607,638,15559,1
18,58487,808,25157,0
54,80668,537,40395,1
26,45963,433,11618,0
34,75124,491,49891,0
26,77870,655,11780,1
28,81547,577,32050,0
32,89110,317,13015,0
41,78554,823,8130,1
55,45936,479,33083,0
52,29426,422,21480,0
47,113839,545,40476,1
48,52606,672,43165,1
22,72832,350,16528,0
61,53151,370,10914,0
31,104303,779,42136,1
28,36308,318,16179,0
26,87522,383,25472,0
51,70671,454,17076,0
29,115306,656,29783,1
52,119108,742,18824,1
52,27204,368,9299,0
18,117769,822,13118,1
57,112265,442,15756,1
39,56131,491,12953,0
46,77428,686,42552,0
25,58870,677,20185,1
28,74067,834,46792,1
58,83585,592,19674,1
54,46607,308,49476,0
31,49968,570,38927,1
47,36908,686,5386,1
52,51423,392,31617,0
38,99707,828,12192,1
54,103257,453,15745,1
22,86215,704,35020,0
36,80835,448,47678,0
31,74429,566,26159,1
43,107152,721,8409,1
21,63458,771,30745,0
42,71169,846,34455,1
62,32659,825,43910,1
59,85614,802,43735,1
42,102240,313,34166,1
35,57793,663,44973,0
57,71473,418,33072,0
25,114388,537,17109,1
56,113330,845,7484,1
57,80751,468,39622,0
31,103915,821,49399,1
49,79254,815,7597,1
55,32006,696,45597,0
50,99218,405,45954,1
40,90344,384,8983,1
32,58840,513,44452,0
50,57430,420,48151,0
42,48091,431,22040,0
34,57983,496,49772,0
50,48989,318,35554,0
64,100451,311,32916,1
19,43990,380,49871,0
31,115270,629,31372,1
57,105360,691,44080,1
57,61081,606,45706,1
56,36033,566,47722,0
23,41241,746,34048,0
23,30939,740,24669,0
20,72562,301,14777,0
24,60063,819,41331,0
25,101721,608,25968,1
59,52045,821,42809,0
32,69769,768,16292,1
64,72118,511,45794,0
46,109703,411,18923,1
50,46625,307,32703,0
47,52076,776,23657,1
56,89805,759,8629,1
44,69605,552,7114,1
53,109565,825,39445,1
46,113509,737,40862,1
55,64121,535,30574,0
50,90101,605,37349,1
54,56433,777,27257,0
44,68309,319,40052,0
50,92468,515,42820,0
21,69254,434,22973,0
39,92293,428,30737,1
19,62853,709,17047,1
27,63405,721,27113,1
22,91652,593,5694,1
27,68527,545,20588,0
50,102227,385,25067,1
55,25492,674,11704,1
30,118418,745,45136,1
48,33811,677,6971,1
64,118344,689,45823,1
53,49272,350,16441,0
62,118935,541,36476,0
41,97010,593,19677,1
32,117492,565,32818,1
46,72153,419,6868,1
25,79110,547,23055,1
22,38979,369,6728,0
46,53328,356,12632,1
64,37867,681,17043,0
21,84234,338,11403,0
29,50851,742,20732,0
62,56279,317,23526,0
19,98402,651,14340,1
44,40449,597,43952,0
48,101221,582,27394,0
53,114080,409,38021,1
53,30451,479,9102,0
43,112178,843,41310,1
60,66316,324,24159,0
44,88064,356,11212,0
22,88761,479,36824,0
37,63870,531,42405,0
28,55873,642,16525,0
27,83627,776,33760,1
57,91155,754,49239,1
55,50372,531,32457,1
23,28642,588,15532,0
25,53001,512,18518,0
40,59064,557,11476,1
64,119826,829,24743,1
43,39122,528,6004,1
63,49820,525,48054,0
60,93431,734,42485,1
29,80745,701,8271,0
43,75081,387,5209,1
30,95902,841,30463,1
57,33711,608,10539,0
35,110132,642,24977,1
42,43793,735,13606,1
50,33199,476,49384,0
64,101253,438,39052,1
57,61191,493,8148,0
60,35211,485,38536,0
29,88069,517,10607,0
61,113896,463,24586,1
53,81746,460,34250,1
21,46542,824,23594,1
22,56312,341,12399,0
54,70242,509,30117,1
25,118783,574,38126,1
59,112893,578,38617,1
45,80388,550,12498,1
48,52691,609,42290,0
26,102960,439,14628,0
46,109388,845,5329,1
31,47601,829,43619,0
57,43020,356,12032,0
58,33155,411,43034,0
39,94119,304,42122,0
28,106051,709,25622,1
40,61777,713,33584,1
18,44710,481,9722,0
63,49532,312,22772,1
54,43601,638,25569,1
38,88227,558,46679,1
43,29967,389,8235,1
63,109289,549,9576,1
53,45022,554,31707,0
40,68463,407,38868,0
18,99671,784,46632,1
57,30722,557,46476,0
32,52413,581,35285,0
38,117772,387,29154,1
64,106050,503,25054,1
26,110867,315,22165,1
26,108596,450,19439,0
27,91732,553,49518,1
43,37297,487,27515,0
58,93323,628,31962,1
52,48816,843,47549,0
42,65695,696,42763,1
43,44702,816,49754,0
28,50242,758,24464,0
55,80841,629,47036,1
19,92712,468,35413,0
24,110663,665,38270,1
35,117764,477,47299,1
44,78574,661,25269,0
51,110744,339,36541,0
44,53482,715,13009,0
34,34171,654,22007,0
60,28696,554,31462,1
61,45058,442,16542,1
41,45313,310,22434,0
42,44149,325,34765,0
24,78521,720,28769,1
23,70740,520,27465,0
41,29956,795,26868,0
50,100731,536,25156,1
46,107612,536,25300,1
60,91641,518,18435,1
39,88811,786,9114,1
43,77160,760,41135,1
45,76313,443,13095,1
38,88232,488,42909,0
24,40417,554,8951,0
34,49729,367,26468,0
37,55099,635,32073,0
58,54961,708,39341,0
37,37602,599,7768,0
39,34256,656,43070,0
45,111120,555,38979,1
57,59681,652,30351,0
24,116328,820,20445,1
18,112440,823,6160,1
49,89789,583,27361,1
30,68361,611,12041,1
47,89503,398,23767,1
40,59540,496,15846,1
36,51536,781,43644,0
49,109700,525,24924,1
47,88043,664,18882,1
46,103532,667,19738,1
62,81575,374,26019,1
46,27871,341,6095,0
47,71002,721,43669,0
33,74812,480,45983,0
57,47626,844,19123,1
36,84979,370,33132,0
35,101057,404,6079,1
18,91668,499,34657,0
31,105070,400,37375,0
64,114390,606,29754,1
19,67998,676,36153,1
45,88814,698,23344,1
47,70607,520,39241,0
55,32812,481,42656,0
21,86844,606,9979,1
18,95093,821,6212,1
25,27179,695,14001,0
46,68798,303,18248,0
56,99601,580,38187,1
20,33275,514,20608,0
49,75574,719,41427,1
27,72857,400,36368,0
27,45700,820,10283,0
36,64464,608,30854,0
63,67351,809,15715,1
51,118330,362,21165,1
50,119319,525,39108,1
40,107534,404,31797,1
45,38869,724,15584,1
49,85315,554,19780,1
24,118688,728,42905,1
46,45954,733,26573,0
25,56555,506,38359,0
18,88353,327,5526,1
20,107190,635,12855,1
41,70026,368,48463,0
40,71976,812,39060,1
25,105578,466,34482,0
64,116502,667,21571,1
54,70095,550,36740,0
20,39270,469,24142,0
50,55908,389,30104,0
45,40523,745,13625,1
64,87433,593,44199,1
25,72068,449,20926,0
51,44991,431,36218,0
52,35775,732,49472,0
49,102801,358,31380,1
41,109995,498,25566,1
31,86250,514,38205,0
49,41673,771,48548,1
63,52056,546,34717,0
60,31614,681,46756,1
33,32415,538,30135,0
21,113691,666,33164,1
54,68884,467,13953,1
38,41964,350,43562,0
31,62726,679,8574,1
48,62044,773,25169,0
35,82149,379,26604,0
24,62544,666,29134,0
27,74976,760,28202,1
24,57252,838,5684,1
50,28832,751,42001,0
40,115811,763,13007,1
38,105437,777,40096,1
36,59148,719,46787,0
36,86240,513,14255,1
53,113454,668,37262,1
46,110076,413,23093,1
35,102116,802,10782,1
19,78459,610,6234,1
18,63402,768,42973,0
64,82727,343,39188,0
22,63578,714,36996,0
37,115453,545,34204,1
28,47318,383,22152,0
59,100715,506,47364,1
19,102787,450,30019,0
20,110029,827,24488,1
40,45466,464,42123,0
29,70475,444,24689,0
37,85142,336,33506,0
22,110160,632,22715,1
54,51564,702,46029,0
55,47412,713,18765,1
47,118526,344,26942,1
26,76001,701,43712,1
51,82649,505,44894,0
61,85957,361,43031,0
52,60517,719,25478,1
39,38156,767,27551,0
61,48064,318,33072,0
41,50711,664,40561,1
34,55106,599,7892,0
27,90458,306,38966,0
47,41589,727,29395,0
63,114272,416,23756,1
40,111511,806,27174,1
49,32214,845,39651,0
34,110731,624,5797,1
34,52127,354,13209,0
31,30141,341,46003,0
26,53884,596,26346,0
57,115421,530,33024,1
19,27708,752,34414,0
62,43375,693,45818,0
42,40088,821,10947,0
56,82615,657,14617,1
26,70046,743,25704,0
39,35014,427,33702,0
60,89425,704,6892,1
63,28273,691,34754,0
21,72135,492,8424,1
43,55881,377,47218,0
46,103077,384,18418,1
62,33712,329,34886,0
51,99704,348,39783,1
40,77874,444,28057,0
54,94087,368,9833,1
28,37297,357,14894,0
23,52128,778,46833,0
35,93368,744,5565,1
38,119019,595,45180,0
59,112599,470,23402,1
53,113499,446,47845,0
58,103958,783,15315,1
55,57920,605,17834,1
51,36156,745,7314,1
34,36108,520,42180,0
54,56845,677,8883,1
42,27800,565,49152,0
55,67712,394,15051,1
29,27610,561,45984,0
40,102603,370,16695,1
59,58872,518,28123,0
39,35728,832,12902,1
38,45583,391,22573,0
44,110774,426,34374,1
48,32263,379,17288,0
23,92450,537,11884,0
44,114285,671,15559,1
57,44456,785,23125,1
51,116118,324,8688,1
29,90942,455,28869,0
62,38689,816,43137,1
24,57934,829,49706,1
27,58276,356,9023,0
62,44873,318,22100,1
34,38050,683,41735,0
43,91216,492,12423,0
38,109444,536,44218,0
45,109040,686,17213,1
63,46644,725,40983,0
19,87021,576,38158,0
60,62125,526,33460,1
18,91899,622,36017,0
53,67291,452,38000,0
43,60060,536,31502,0
46,26538,354,35990,0
38,61176,735,24515,0
28,66520,408,34991,0
57,50675,483,12634,0
28,43287,667,16498,1
53,25174,497,15916,0
56,117268,670,34377,1
57,59998,672,38001,0
52,78312,796,6391,1
51,37112,500,48852,0
64,100225,808,47215,1
41,69814,621,19184,0
39,110091,574,32114,1
22,75719,510,16882,0
50,58919,803,22273,1
53,98155,417,45670,1
64,96569,341,22129,1
37,66328,614,47679,0
36,95482,628,5427,1
52,49618,316,36416,0
60,59675,582,5731,1
34,43919,557,5799,1
62,29173,318,33873,0
60,51400,828,12025,1
51,75445,722,19481,1
26,95305,765,30411,1
43,62564,672,36358,1
19,70814,380,45392,0
26,104747,847,19961,1
26,113791,723,26767,1
57,52962,728,46000,0
34,109892,687,41135,1
18,110842,503,26392,1
42,95533,495,18262,1
60,81184,584,10229,1
57,107912,495,28772,1
59,35578,606,23799,0
42,43624,313,28555,0
56,64194,445,31616,0
52,25389,356,24333,0
20,92391,509,9261,1
54,38794,828,8466,1
61,83002,643,8088,1
61,60531,578,6115,1
47,77815,508,9578,1
55,29986,634,7590,0
51,57298,587,12372,1
29,26481,551,8573,0
36,81408,564,7978,1
54,94267,570,48407,1
61,41835,718,14422,1
34,52798,510,48626,0
27,116649,664,28697,1
64,89887,375,35820,1
29,44477,620,42743,0
33,42266,732,9925,1
41,111328,408,34430,0
36,110988,821,33834,1
25,68526,346,29435,0
48,36889,678,26676,0
38,49335,395,48554,0
34,36254,402,24814,0
40,111610,445,19716,1
54,36442,326,32528,0
33,71289,829,6995,1
23,78747,381,27414,0
25,62327,727,18844,1
42,41199,778,41659,0
35,97827,461,20522,0
42,25112,701,44913,0
29,112051,807,13498,1
32,44581,337,47322,0
43,84722,810,7102,1
58,117036,692,40798,1
62,41523,793,13524,0
43,91960,499,35846,0
64,44552,554,13107,0
49,35808,478,23268,0
27,97525,846,29399,1
33,48620,688,14624,1
24,25887,697,32126,0
34,56802,457,28131,0
40,110024,303,25714,0
43,106938,466,45631,0
38,111741,767,40877,1
39,51049,708,23570,0
24,102789,711,17482,1
31,109526,503,39318,0
32,32846,493,38414,0
24,115563,534,26040,1
26,71220,449,18407,0
25,71163,458,38305,0
40,28765,578,19166,0
46,106486,703,11572,1
35,70270,610,38002,1
48,100277,367,31972,0
47,113278,762,47464,1
56,115239,387,27923,1
52,47931,516,6909,1
35,114116,300,49918,0
59,80633,434,37848,0
56,105702,650,7083,1
34,76913,439,22140,0
31,119776,432,7670,1
48,50991,477,41519,0
41,79845,657,49512,1
52,80312,679,43029,1
61,35561,749,19691,0
62,41901,762,44620,1
51,87875,407,39262,0
20,50917,421,30595,0
54,87120,316,38440,1
60,26988,495,13630,0
57,39256,626,36250,0
43,112728,617,33798,1
40,53230,778,48036,0
61,84778,551,38212,0
56,70833,802,46925,0
32,47625,418,16982,0
21,57088,797,13655,1
46,104650,785,23582,1
39,66167,344,40055,0
42,96291,613,49725,0
30,90303,478,9008,1
35,101361,717,49464,0
50,113229,377,46872,1
33,29117,625,5496,0
62,115265,656,39231,1
59,85710,715,28212,1
61,119426,814,25637,1
19,119876,513,21877,1
52,92054,373,22810,1
59,55949,808,14884,0
51,47547,631,7723,0
47,106882,392,9761,1
30,93136,818,12630,1
30,89619,568,21375,0
35,86842,675,46509,0
49,119803,303,30218,1
49,51990,437,35565,0
52,41193,530,42118,0
56,55109,828,37975,1
63,44233,351,32073,0
46,106730,624,9190,1
46,59510,576,6883,1
61,26306,835,7886,1
33,28849,785,13953,0
61,37360,815,13381,1
64,119767,451,28238,1
27,70800,782,18795,1
47,61963,558,35428,1
42,79330,623,14638,1
56,76707,467,9931,1
37,43689,609,47623,0
22,54084,778,43492,0
18,65387,355,31411,0
47,99816,772,25534,1
20,27642,595,41828,0
62,67137,760,34181,1
31,104832,623,42533,1
47,80561,440,24996,1
21,87260,561,11553,1
35,40438,719,45146,0
54,73442,540,23073,1
42,27994,654,12130,0
18,26813,479,34405,0
63,118027,365,40954,0
32,109381,647,10789,1
26,80276,470,33930,0
32,66243,773,22529,0
41,87912,833,12942,1
21,85272,666,12548,1
29,67051,406,23296,0
54,103854,738,37244,1
54,107736,526,5296,1
60,90618,743,7409,1
23,26920,741,39229,0
56,102219,695,35846,1
63,101872,383,40036,1
41,106132,312,44322,0
28,27093,792,32167,0
30,37905,567,33991,0
51,49351,824,22801,1
42,55981,419,12358,1
24,98903,652,27588,0
21,95821,356,22671,0
25,107289,339,22502,0
37,109021,635,30128,1
46,103513,472,36645,0
62,44874,846,12637,1
63,75931,558,5660,1
27,32674,816,46675,0
60,75516,822,11922,1
51,119574,416,33161,1
43,85686,483,49721,0
58,119851,415,8970,1
20,94212,461,8407,0
23,27426,842,32843,0
22,115009,536,14046,1
22,93498,365,28800,0
64,54943,369,19547,0
40,91395,746,42528,1
26,69816,715,36389,1
52,29138,831,35346,1
37,116176,740,27748,1
59,100945,763,41855,1
52,29017,695,30848,0
35,35451,694,12607,0
34,87956,625,41787,1
41,118863,390,38583,1
20,35278,369,17563,0
49,115480,465,38690,1
52,68764,513,34176,0
55,26134,634,19925,1
30,87943,668,26251,1
64,79318,348,22648,1
42,85128,351,25108,0
26,113056,588,15979,1
21,46869,538,7722,0
31,30039,432,10355,0
54,46281,465,33799,0
51,35442,673,40318,0
28,98788,672,37705,0
58,52586,777,48909,0
20,78053,778,28070,1
45,75489,599,16284,1
46,108104,381,26737,0
26,111346,386,28241,0
20,92087,524,32414,1
42,37625,315,25895,0
51,59397,657,31771,1
29,83671,462,6384,1
59,116785,813,27689,1
26,91897,649,32475,1
32,51149,763,13252,1
57,85030,674,35844,0
42,94906,391,35151,0
22,30283,480,45006,0
28,32610,600,28365,0
51,68326,488,11026,1
41,39924,613,37767,0
32,101162,792,33523,1
55,25869,427,15482,0
25,26014,818,46432,0
22,35103,725,30108,0
43,107522,486,5493,1
35,58458,849,21465,1
23,115605,752,44767,1
54,107409,770,34550,1
30,48248,523,18833,0
45,114160,453,7970,1
22,68516,650,37779,0
30,54061,446,34958,0
34,49170,648,22145,1
57,33024,481,40953,0
62,107214,478,6806,1
49,110947,338,10664,1
46,68803,302,33900,0
20,44296,363,19126,0
57,116829,328,10154,1
51,117708,671,27208,1
57,111664,822,18767,1
44,43257,396,25043,0
30,37855,741,6525,0
62,110178,502,38528,1
50,45025,710,21978,1
23,29458,320,6055,0
41,88610,401,15046,0
36,95843,345,40851,0
33,108961,365,20678,1
57,74831,463,49876,0
45,68427,410,31624,0
50,118809,637,47418,1
58,63506,422,43725,0
30,30668,746,10255,0
60,116470,590,14411,1
62,72195,711,47459,0
42,98233,580,41163,0
59,49417,342,38971,0
53,106982,785,36235,1
44,35751,350,24194,0
55,71218,509,24476,0
24,32352,425,8044,0
22,104052,791,45040,1
60,113835,808,26057,1
62,53927,557,8514,1
48,66094,487,14990,1
40,79122,529,43960,0
59,54493,488,48535,0
27,117247,714,12507,1
49,98539,309,9857,1
60,56707,413,17118,0
47,93814,375,8146,0
56,32296,801,31401,0
48,50398,384,31177,0
35,60842,348,43524,0
53,38261,794,9414,1
19,101709,686,22494,1
31,81704,688,25437,1
30,92173,517,8937,1
46,56781,645,41731,0
29,38652,529,26326,0
56,30103,554,43665,0
19,50500,535,13974,0
49,60529,325,22500,0
30,43452,560,6750,0
63,74393,570,9027,1
44,56174,422,49296,0
58,89450,556,10745,1
34,60436,720,26448,1
57,72406,558,47447,0
48,88059,346,33451,1
51,40954,824,33207,0
41,107722,507,10938,1
62,37356,610,17150,1
52,27187,448,18406,0
23,102243,737,24781,1
36,60098,454,42621,0
47,117471,389,23325,1
24,46225,657,8148,0
27,28606,473,33879,0
58,82620,516,12933,1
49,57828,755,14436,1
51,51489,498,22669,0
45,39387,785,11474,0
32,94463,832,16228,1
47,96832,499,38538,1
54,27591,670,6843,0
46,73516,747,5073,1
39,116683,547,21059,1
21,87061,563,25733,0
37,91736,357,45768,0
49,106257,601,30395,1
53,86753,330,25202,0
21,109774,797,18273,1
44,36087,548,38099,0
34,55816,570,12512,1
29,48408,693,33231,1
39,25136,801,28274,0
34,42413,383,42699,0
27,84500,664,27409,0
18,109514,848,10113,1
39,81358,641,46187,0
43,91197,706,7881,1
35,117789,724,24249,1
31,117420,392,40343,0
64,57854,711,17714,0
46,101240,731,43953,1
29,115063,458,13656,1
53,41322,313,10741,0
52,31968,672,21661,0
29,52518,524,36555,0
24,76925,804,33690,1
46,84848,372,37833,0
28,118422,548,42030,0
50,26700,810,10704,1
23,118782,515,46362,0
64,48199,840,17175,1
32,69589,519,17696,0
49,57115,520,44023,0
28,86934,688,45209,0
40,79316,341,33054,0
43,30520,582,26076,0
51,61455,357,19986,0
63,111465,836,19440,1
51,66605,372,12960,1
46,39955,428,27462,0
21,69049,725,22821,0
34,38917,424,32258,0
52,95293,366,32353,1
30,103581,305,28416,0
58,89925,613,27115,1
56,95269,625,29968,1
32,55954,805,27731,1
46,97617,381,27785,0
46,66458,301,44397,0
28,114037,503,18828,1
49,46113,703,9541,1
19,115226,402,45644,0
64,68939,835,18311,1
31,54345,667,35531,0
37,71313,511,19588,0
39,117365,508,17380,1
28,94166,416,47645,0
44,72861,777,22818,1
20,74298,404,35857,0
34,72221,794,26711,1
61,69942,345,10097,1
45,28453,630,33393,0
46,79935,515,27076,0
38,68370,791,23738,1
64,33328,748,34317,0
33,40534,835,44229,0
54,110280,810,12044,1
37,109925,757,10497,1
23,61320,846,18751,1
36,74170,835,34882,1
22,105201,839,47072,1
20,33640,783,48194,0
18,116057,315,48826,0
55,55049,542,27449,0
32,30618,506,49028,0
51,81053,570,38402,1
52,26920,414,37543,0
42,68937,598,34362,0
41,94724,782,32315,0
29,37207,696,32746,0
35,90774,693,15057,1
32,57972,374,47915,0
61,35799,781,26061,0
33,96088,402,39157,0
44,53916,596,16322,0
25,95463,477,9276,1
63,118500,514,17306,1
42,101700,614,39017,1
34,62158,338,32742,0
46,109607,558,36600,1
25,96696,306,22629,0
32,86510,348,13245,0
44,83692,837,36414,1
63,86744,460,48870,0
24,40810,475,35098,0
20,30126,301,15588,0
46,55009,754,5442,1
61,115932,575,44744,1
41,25192,797,42443,0
20,61413,327,16803,0
37,37816,632,45721,0
63,64082,300,42145,1
32,90048,487,15599,1
42,75940,355,12058,1
47,57130,846,22206,1
31,65142,411,16894,0
24,61468,609,7939,0
34,55698,335,27149,0
61,35655,738,6031,1
37,72897,624,15208,1
53,55075,606,5562,1
26,34359,833,48498,0
55,67056,408,25951,0
39,76831,671,33351,0
19,84191,656,23680,1
41,58272,480,26586,0
25,39671,655,14308,0
28,52048,367,14609,0
30,101274,591,34495,1
34,50963,480,22675,0
25,68954,765,33064,1
38,97309,733,13720,1
35,25717,763,47940,0
47,36676,833,19457,1
35,29434,365,7939,0
63,74810,320,43203,0
64,119636,683,28365,1
48,29994,338,10392,0
55,29234,584,30905,0
49,94300,635,12972,1
28,68949,487,35653,0
62,62405,542,31329,1
42,59872,372,24184,0
50,67215,778,19799,1
55,48185,400,20052,0
58,68442,813,11044,1
25,76759,475,24871,0
28,66153,537,28767,0
39,102535,358,25234,1
41,27581,398,26381,0
58,76717,794,22274,1
34,27763,813,27304,1
29,117910,596,22572,1
63,80480,510,43412,1
49,63759,422,30965,0
32,101067,528,23384,1
33,50307,687,22855,0
39,36064,439,22920,0
45,101848,840,21702,1
37,62548,690,42921,0
50,61945,569,6894,1
27,72937,311,35985,0
57,31476,688,33287,0
49,76756,636,12991,0
50,115101,805,20439,1
19,27382,405,34084,0
50,74683,331,47235,0
50,112999,373,32659,1
58,70276,470,29976,0
30,58402,368,43703,0
47,116881,661,22107,1
50,51946,732,7329,1
30,104698,399,47095,0
43,98933,308,7770,0
39,47335,328,9846,0
56,70095,413,21651,0
19,104930,761,19633,1
55,52197,442,18628,1
56,47010,689,5569,1
43,49123,456,6973,1
63,112923,634,40590,1
32,27890,559,38038,0
51,118305,381,12641,0
59,33026,740,13930,1
61,89925,471,11680,1
57,93842,530,6257,1
28,58665,374,13250,0
20,34277,569,43138,0
23,67239,361,33757,0
26,72664,619,9858,1
23,73008,401,46349,0
26,39683,728,18491,1
56,25670,554,30294,0
48,114211,831,11908,1
49,42889,411,15844,0
58,80612,612,42629,1
29,69535,760,7911,1
25,103542,761,13991,1
25,79319,391,16572,0
45,117067,351,48066,0
37,46639,819,34693,0
64,89712,397,45004,0
24,41633,535,43333,0
28,59660,673,22493,0
37,93975,533,44697,0
33,57172,331,22634,0
21,84197,588,29561,0
23,83847,841,23033,1
39,36577,413,12351,0
43,102299,503,30921,1
20,45176,328,24340,0
58,69386,773,19901,1
59,88972,552,15638,1
31,114791,685,43596,0
28,66003,361,26378,0
35,44996,814,49324,0
29,111598,729,27820,1
40,60931,836,30060,1
29,60710,440,37642,0
30,59693,599,30378,0
42,60740,610,13150,1
62,102241,770,47875,1
36,118583,692,29059,1
63,101502,744,39525,1
53,42374,471,23193,0
62,101674,330,48967,0
25,106471,346,32801,0
46,70913,429,31246,0
49,91025,651,17807,1
61,69516,357,22535,1
35,112796,405,10492,1
23,51069,629,36357,0
35,81233,682,11302,1
36,109811,461,37314,0
39,84049,585,9747,1
54,64178,370,46170,0
49,57821,753,15686,1
58,76727,696,42449,1
20,85935,814,23891,1
45,41999,325,41196,0
27,87522,612,34928,1
52,63712,425,12494,0
46,89551,707,41723,0
32,65172,497,34877,1
50,58722,487,32981,1
24,35625,783,19026,1
29,92165,749,25422,1
47,101509,822,14244,1
38,31859,653,38481,0
48,66609,399,28644,0
41,68307,577,48848,0
37,46839,790,13521,1
54,52216,554,6746,1
21,77953,680,22591,1
45,109481,841,31718,1
61,85593,563,7696,1
37,97075,628,17012,1
41,74522,414,19688,1
49,29886,575,28457,0
58,32485,787,10036,1
53,56455,580,44895,0
51,41767,574,34960,0
53,53453,627,41486,0
19,101280,510,27159,1
32,78442,325,12910,1
51,76877,326,7693,1
53,37226,382,20858,0
23,118405,712,33810,1
56,47588,466,25092,0
59,103976,468,28243,1
29,56709,528,35505,0
20,72788,666,12692,1
62,113031,827,33555,1
35,62019,837,11398,1
57,69948,823,12252,1
38,90133,371,16721,0
32,91458,405,22939,1
50,52526,581,16825,1
52,98493,432,30251,1
43,77198,833,41955,1
25,68395,568,29151,1
53,49031,711,5036,1
47,100542,317,33412,1
40,62701,416,23171,0
59,50939,443,44051,0
61,74145,721,37761,1
31,45324,668,20202,1
31,47867,349,13060,0
19,25203,405,13065,0
54,41544,515,34873,0
22,40899,724,41648,0
55,54063,371,10932,0
62,115880,745,31470,1
58,28748,485,13328,0
64,91629,369,11333,1
31,105764,449,16268,1
56,45884,545,10067,1
42,50183,837,49843,0
37,106570,398,22045,1
19,96246,577,45741,1
56,44259,754,27770,1
23,60959,403,47770,0
34,58457,532,12887,0
42,110679,693,38182,1
45,27103,800,37370,0
19,90901,550,44618,0
52,69535,820,29918,1
54,41103,378,40497,0
22,115012,351,33026,0
18,103278,525,16929,1
57,37391,350,41665,0
29,53901,485,39937,0
53,106159,333,18563,1
62,92914,430,33546,0
40,75357,742,17888,1
64,111908,731,42338,1
48,63437,796,39283,1
28,60503,702,21958,0
27,118459,622,17634,1
20,100403,509,24251,1
31,66258,628,24928,1
33,58724,671,42245,0
27,89286,759,21455,1
46,99842,432,32144,1
27,39908,420,33013,0
29,117617,751,26876,1
47,75626,428,31962,0
58,62228,390,33084,0
18,48386,328,47319,0
22,71754,823,26143,1
37,53302,632,31091,0
25,85815,596,19179,1
60,109748,429,37807,1
29,88344,592,15222,1
18,60618,472,28949,0
37,101234,323,21116,0
45,86114,398,42564,0
60,95130,705,42374,1
54,50525,655,22667,1
64,104818,438,13775,1
54,39334,802,34655,0
29,119715,473,19193,1
54,87767,328,19676,1
61,31644,795,35776,0
45,57933,650,48225,0
64,68469,598,22199,1
32,58687,491,20066,1
23,77656,363,23895,0
61,42375,514,5246,0
37,90206,465,26209,0
31,61607,842,44284,0
19,108178,531,21800,1
26,48993,840,28086,0
54,69386,494,25101,1
37,71287,805,21491,1
43,111724,633,32207,1
46,118308,603,46798,0
18,101312,736,25897,1
52,100324,622,34492,1
23,96196,801,6421,1
54,95014,692,37015,1
22,33210,448,17970,0
50,35922,704,12283,1
31,61289,582,33488,0
29,58340,661,20945,0
59,64850,678,5255,1
37,81984,497,16019,1
41,109178,655,20487,1
60,36094,839,46797,0
51,112959,728,24346,1
42,58418,316,40050,0
46,30741,678,13744,0
56,97374,805,29756,1
48,93798,375,22861,0
64,95532,530,30146,1
60,47164,547,47687,0
40,60595,601,26976,1
61,55257,514,5591,0
55,39211,457,11277,0
37,30232,368,7260,0
40,92753,692,48907,0
62,77691,384,5347,1
33,114765,566,29741,1
59,104768,368,42211,1
25,50613,646,48856,0
38,39026,722,46542,0
18,78535,473,11869,1
25,119090,414,33082,1
46,55908,519,27080,0
49,77113,330,33979,0
55,44610,822,24422,1
22,71646,642,40613,0
64,88185,676,27993,1
39,97567,429,17386,0
64,72574,838,39033,0
51,116051,301,17938,1
18,61182,400,16159,0
43,25570,832,7274,0
60,44288,357,23854,0
27,103824,688,36815,1
47,54877,640,15482,1
35,109425,319,23961,1
34,25917,554,25044,0
43,100602,616,38836,1
25,89575,337,26975,1
64,97518,836,19706,1
57,64104,685,10974,1
29,43062,325,15928,0
44,41999,753,26213,0
25,86845,622,6950,1
42,34941,812,24477,1
63,86169,312,15411,1
21,48470,670,26695,0
50,84821,590,22771,0
18,111669,631,9274,1
36,69435,560,40053,0
48,29529,504,12045,0
33,108055,686,34714,1
31,37192,767,39386,0
22,99102,714,48747,0
58,97762,368,13562,1
43,111795,771,32759,1
45,59087,403,17026,0
19,91677,460,45611,0
23,29627,499,36589,0
26,81541,515,47663,0
50,93226,511,36738,0
58,28255,807,31844,0
42,82433,315,28447,1
30,30213,797,29879,0
26,44404,631,16966,0
30,50380,555,22732,1
48,116056,471,10289,1
58,44173,797,25012,0
28,78027,770,23812,0
21,48989,683,40801,0
51,49519,806,46628,0
55,47439,826,45581,0
63,101949,624,28092,1
21,39995,513,30105,0
55,48559,507,19294,1
36,114049,468,8621,1
23,30021,629,37442,0
51,46119,579,26699,1
35,76539,604,7347,1
30,119835,445,34486,0
58,64350,815,22110,1
40,71223,389,9923,1
36,50517,752,20611,0
62,103653,359,24199,1
28,47250,610,14066,1
18,109486,827,41047,1
41,107895,526,31754,1
24,114132,773,41575,1
42,116066,840,29260,1
38,91798,378,21991,0
32,79199,732,27553,1
18,84546,452,29174,0
29,113151,700,26957,1
24,28327,578,5634,0
32,54768,356,34881,0
38,89418,485,17771,1
36,119386,697,23298,1
46,67788,457,19340,1
42,107384,658,38356,1
50,71830,739,40999,0
49,77446,765,11351,1
52,40160,745,8838,1
61,81583,787,6973,1
55,58998,829,42812,0
43,52230,372,15247,0
28,34076,316,49440,0
52,94341,830,36655,1
25,56085,625,48039,0
63,80571,845,11683,1
31,39715,501,16244,0
27,30750,643,34058,0
19,103768,822,44551,1
63,60903,699,43362,1
26,97489,517,33371,1
20,57093,744,8822,1
38,116036,521,33878,1
43,112954,682,41157,1
25,59314,306,10914,0
19,73225,571,23164,0
23,112985,315,32180,0
45,108014,723,8688,1
46,60179,823,19683,1
43,50338,320,18080,0
42,117435,527,35953,1
29,94681,587,14916,1
22,57101,433,34677,0
51,27775,582,32360,0
54,70619,703,42805,0
32,70838,365,18453,0
61,44539,736,27703,1
53,82124,558,13640,1
32,90149,402,34263,1
60,51616,400,37849,0
40,104655,497,44046,1
23,115695,525,21078,1
63,79567,762,28383,1
61,62099,536,20536,0
60,100831,325,12410,1
62,86799,420,20926,1
38,115221,805,39248,1
40,50479,481,36159,0
60,71172,842,47039,1
33,80863,614,41366,0
64,67043,572,45761,0
32,107569,531,34090,0
42,40408,719,25567,0
53,82980,741,48663,1
28,107956,795,20367,1
32,41351,323,45412,0
21,29131,408,49716,0
38,69825,801,40367,1
30,36349,324,10813,0
39,85931,486,41621,0
36,69254,587,39269,0
51,63225,637,46190,0
31,37453,336,45318,0
21,43814,436,42018,0
63,43263,807,44759,0
44,102694,526,21498,0
46,40735,619,30989,0
64,40830,481,42174,0
45,72893,385,30568,0
52,69673,766,6041,1
25,114462,352,44695,0
33,70066,534,35099,1
59,28373,732,29364,1
53,35335,795,45639,0
47,48741,399,44143,0
35,35692,702,28482,0
19,72295,695,8676,0
30,70541,826,26781,1
21,59057,714,35048,1
43,91983,762,8065,1
42,44583,840,7036,1
47,47765,663,40814,0
28,84287,429,21924,0
24,48906,383,37844,0
48,110103,570,21407,1
61,104675,543,26518,1
27,71525,687,22059,0
56,63230,513,28052,0
30,44520,465,9267,1
48,110238,358,10988,1
24,76934,803,32974,1
59,50566,422,29036,0
59,98193,712,13680,1
53,55134,438,6485,0
37,35345,528,19713,0
21,66185,573,25043,0
24,117949,738,7419,1
18,95744,417,41263,0
61,58455,782,22140,1
62,53018,694,48484,1
59,79219,759,17961,1
64,70991,377,48075,0
30,98616,711,11487,1
39,112438,374,36110,0
38,34486,594,47432,0
39,63862,320,21360,0
45,83870,470,41843,0
26,111694,314,29882,1
43,68856,510,22502,0
26,111055,385,12631,1
32,56379,448,8017,1
27,89729,671,25725,1
41,53378,779,29762,0
59,79353,450,5784,0
25,74996,440,33020,0
41,39031,368,43459,0
33,105072,559,20765,1
43,90982,820,36127,1
44,61683,670,8196,1
54,42618,718,14552,1
21,31587,400,46300,0
41,87790,542,36921,0
36,56480,811,9746,1
53,45527,394,7999,0
56,48569,525,49070,0
27,36151,817,20595,0
42,96094,513,27063,0
35,84174,366,11200,1
36,69739,695,43164,0
53,57954,311,28377,0
27,60303,536,18410,0
50,59700,698,8598,1
22,118036,706,15564,1
64,92568,779,35898,1
52,91788,521,25598,1
61,96045,455,45404,1
51,62842,727,22862,1
50,38900,457,15265,0
38,105059,715,14705,1
34,26881,625,30544,0
39,58037,670,19298,1
54,26630,643,37670,0
32,45789,561,47471,0
52,113059,582,45934,1
45,108494,528,11050,1
24,71151,579,48952,0
49,73920,589,26034,0
28,92231,346,13484,1
27,105357,513,36323,0
26,28262,323,25796,0
31,91981,620,34069,1
30,106972,573,26827,0
42,100485,612,40361,1
19,79722,662,15315,0
52,114499,679,31519,1
24,75818,769,14107,1
38,54932,415,8869,0
35,31901,341,20447,0
20,33597,678,32370,0
59,88909,505,12971,1
56,97391,765,36269,1
58,109214,579,30651,1
28,33263,417,40757,0
56,88293,536,28446,1
41,50805,608,43108,0
63,116679,755,14643,1
36,36874,774,8823,0
21,118065,399,18454,1
43,111402,560,8932,1
55,39079,604,15220,1
59,74850,653,13554,1
49,97779,585,7429,1
56,34018,627,33208,0
62,74500,402,12444,1
63,37100,362,15510,0
53,82021,581,49045,1
57,44800,740,15537,0
54,88400,592,12147,1
50,117446,306,45399,0
53,54437,391,8598,0
20,101537,489,42097,0
26,71675,775,11718,1
25,44942,810,47691,1
50,45862,761,18782,0
23,36669,352,5051,0
58,78772,785,21702,0
56,40916,789,15184,1
21,35878,663,17468,0
30,27985,411,27072,0
19,98648,708,20479,1
22,66235,306,33467,0
61,43931,496,28402,0
44,117876,666,12210,1
49,25336,549,41724,0
38,67933,539,11057,1
25,109899,679,35916,0
55,70536,770,32268,1
25,94504,754,48978,1
20,76148,665,28259,1
61,41279,589,18864,0
20,93665,702,39293,1
39,96386,357,12043,1
23,111124,820,46473,1
19,102485,603,43893,0
40,99055,414,45642,0
61,116911,509,17529,1
19,102273,340,35868,0
55,91670,472,31309,1
34,101474,533,28284,1
52,79028,702,40268,1
51,115022,338,8464,1
40,116632,418,23643,1
47,96128,634,34265,1
25,43108,635,20954,0
39,77495,838,28880,1
61,107806,373,24043,1
53,118185,490,5255,1
22,101533,623,6502,1
30,81830,446,9656,1
46,99640,583,15302,1
48,77509,512,10430,1
64,91406,693,46366,0
33,119220,638,32425,1
59,64519,321,6860,1
47,74649,404,11158,0
33,59524,765,10806,1
29,58885,758,25738,0
34,69369,731,22106,1
33,55676,520,14474,1
29,89093,678,21997,1
25,72764,521,37599,0
37,75799,557,10790,1
20,104414,666,15170,1
33,118095,648,14004,1
47,97307,524,47746,1
62,107062,535,30792,1
40,56923,482,35216,0
45,103388,743,12232,1
57,72574,305,17674,1
22,68391,535,21052,0
37,78664,426,10913,1
57,92384,403,32913,1
61,56027,779,15567,1
18,60464,454,43379,0
47,59485,556,14432,0
38,44456,534,5319,1
37,99795,799,29469,1
23,60554,588,31490,0
39,71922,809,25584,1
35,38409,597,9791,0
25,94327,436,36736,0
56,116400,675,5329,1
49,61639,386,13851,0
50,88627,718,49078,1
33,108424,498,28126,1
29,44692,762,26300,1
55,114037,736,15164,1
51,103840,609,29509,1
31,79200,580,10703,1
53,118063,622,32109,1
50,82415,451,48417,0
40,43074,601,27554,0
62,40549,577,32676,0
19,54963,307,28804,0
58,116456,534,41923,1
38,77265,601,34802,0
19,41061,337,29795,0
44,83226,435,7611,0
26,53810,720,27075,1
18,85006,518,21479,0
28,47800,647,14180,0
20,100476,845,14304,1
40,94460,378,19610,0
43,82767,572,13437,1
21,53054,460,48118,0
35,100319,607,17521,1
23,70397,673,29028,0
52,38233,308,44328,0
39,115020,743,32301,1
60,50068,412,43015,1
32,90727,504,26740,0
39,115610,704,41845,1
54,95453,496,26282,1
59,50832,414,15858,0
29,111242,420,49159,0
64,38682,364,48714,0
59,117298,575,20186,1
55,48383,538,39185,0
35,83160,601,36194,1
62,118332,691,30230,1
52,48666,821,32018,0
47,83817,668,29665,1
41,116198,532,46722,0
59,59642,494,45159,0
47,66830,311,49132,0
31,35234,476,48139,0
23,82616,516,26516,0
20,34221,310,40272,0
33,36410,745,29673,0
24,105055,463,10239,0
31,86413,352,31415,0
26,26051,517,42888,0
32,100301,659,32195,1
38,101918,684,44161,1
52,103116,355,34323,1
19,81563,417,39964,0
44,69757,552,41234,0
19,102475,479,35763,0
52,76257,714,39674,1
35,25307,534,23105,0
31,81889,379,49651,0
37,93895,321,34739,0
35,60944,776,36969,1
27,63134,739,19497,1
42,52323,392,6816,0
19,96762,491,31483,1
42,112225,402,48481,1
50,50954,695,27159,0
53,80021,306,8849,1
48,114959,530,26612,1
31,104866,539,44617,1
18,95427,389,38826,0
63,29992,531,49498,0
33,26961,756,23706,0
63,37497,532,29563,0
20,57551,653,9359,0
52,101384,632,35669,1
58,80755,738,17809,1
23,38255,674,43428,0
42,29567,591,34454,0
30,73847,644,12254,1
51,73003,727,29785,1
25,45389,429,7093,0
38,69523,440,49498,0
51,86576,714,45985,1
21,68919,392,37009,0
42,107103,583,21558,1
32,28358,522,22718,0
21,113535,762,21705,1
62,101524,844,27082,1
29,30698,575,17342,1
49,91809,439,17239,1
49,118079,656,37274,1
45,80805,322,16419,0
30,56349,569,47832,0
48,101777,632,20003,1
31,75248,384,35866,0
37,100033,330,26988,0
35,69041,539,48027,0
46,56954,662,29908,0
23,33002,688,10674,0
49,94783,598,10002,1
46,112234,670,32567,1
60,44738,398,5910,0
19,35703,346,34072,0
40,74422,721,38717,0
36,108106,779,26809,1
48,86899,361,31651,0
22,37392,408,49291,0
36,69724,848,48989,1
51,57299,418,21484,0
27,40641,681,9646,1
42,104534,691,44713,1
19,31305,351,7400,0
28,43782,588,49331,0
48,103257,636,27185,1
32,102963,503,23727,1
26,45566,537,38120,0
40,92766,681,6018,1
36,31511,435,22563,0
26,51177,706,10193,1
52,29765,807,20701,1
38,45354,661,8536,1
26,48929,680,49610,0
45,53820,553,23886,0
63,54523,776,41587,0
24,96088,413,34410,1
33,91163,319,38744,0
33,102525,827,43665,1
50,38780,444,20957,0
21,31589,507,37875,0
21,59812,830,6626,1
56,118664,675,30279,1
57,70939,803,11229,1
34,76493,465,11877,0
54,118326,849,38642,1
56,65953,480,43311,1
46,90785,743,37356,1
53,44309,631,8809,1
55,79195,802,48371,1
56,50901,378,39875,0
54,48576,695,49513,0
52,56508,402,14465,0
24,99711,701,5559,1
44,50464,523,13308,0
45,85281,817,26353,1
39,41260,535,20250,0
31,60440,726,40814,0
24,81683,415,21427,0
54,66430,462,38276,0
39,26987,525,11107,0
22,50105,529,18476,0
19,103484,481,8439,1
44,38026,548,25312,1
38,93309,617,26795,1
55,70927,509,18136,1
32,100414,691,19167,1
38,82535,395,22300,0
27,67946,385,22182,0
40,81561,714,9971,1
56,35377,693,31909,0
22,78592,800,24659,1
18,32347,432,36403,0
30,58776,613,38586,0
38,28783,520,15360,0
43,80798,737,26424,1
62,29298,345,37499,0
38,95204,491,49695,1
35,111207,819,8065,1
54,80161,678,8259,1
62,85652,633,17300,1
49,59484,338,38370,0
53,45922,592,9295,1
34,59028,461,32209,0
52,45316,630,47751,0
28,101996,403,41295,0
38,41968,460,25927,0
43,55266,353,39579,0
21,49000,333,49871,0
51,39011,541,14032,1
35,27866,412,32718,0
57,30898,617,17877,0
52,43395,322,45731,0
58,64019,417,31666,0
46,29006,511,46684,0
46,59393,717,11766,1
55,35956,412,27829,0
59,75042,343,25221,0
38,31078,427,30102,0
59,54631,457,39433,0
30,87901,693,20932,1
58,94497,811,30714,1
34,119813,344,44743,1
26,66574,407,7552,1
58,56417,518,19274,0
18,113020,742,34250,1
19,108639,614,7808,1
46,90006,476,48858,0
50,119881,527,20295,1
27,64454,566,19669,1
57,26587,678,15523,1
38,79710,788,18769,1
45,111567,589,49645,0
28,116748,656,30207,1
51,100886,503,40224,1
25,43816,512,30557,0
39,110824,622,43191,1
25,54432,480,19246,0
32,73617,798,17846,1
34,97373,619,42085,0
40,59217,382,18470,1
41,45884,602,18176,0
62,30454,561,46881,0
36,99960,499,18546,0
22,68618,539,11805,1
49,108948,594,21788,1
61,87671,811,34348,1
18,72111,695,13080,1
40,64613,437,40886,0
54,110678,428,28764,1
25,84993,348,11630,0
30,33848,592,38333,0
25,103672,835,20701,1
40,91125,610,19859,1
60,111444,836,26183,1
18,86602,533,45438,0
62,97045,508,36749,1
41,67222,393,36887,0
52,74223,626,47244,0
41,90333,524,13776,1
34,77732,310,20021,0
22,74420,628,9327,0
37,100504,311,12614,1
38,27462,334,6245,0
57,34460,746,46011,0
48,34275,751,15355,0
63,119213,519,38305,1
53,38269,740,34714,0
28,90942,834,22198,1
32,97920,528,6415,1
36,47553,643,48798,0
24,49366,379,6652,0
45,69036,652,48625,1
60,42369,695,25446,0
22,36795,589,23740,0
22,95021,754,8810,1
47,93154,427,21569,1
49,55143,842,39319,1
25,54425,658,18584,1
27,113209,826,31783,1
55,100139,612,38529,1
64,30368,374,17511,0
49,29621,845,14471,1
45,83829,495,11163,1
34,85294,328,21065,0
48,39719,315,49654,0
25,54227,722,22920,1
57,32566,704,43969,0
42,37306,830,24154,1
26,78822,376,45167,0
19,49042,528,25229,0
32,40086,596,31997,0
20,42387,809,26101,0
53,52042,837,45391,1
21,114424,625,15327,1
31,76618,662,12187,1
58,117050,658,34685,1
58,43323,623,39948,0
42,43019,625,39728,0
27,100426,464,42921,0
38,65863,754,12035,1
53,35283,452,16471,0
29,43279,426,33460,0
44,71999,492,26071,1
57,87780,829,5582,1
19,47908,309,31189,0
30,86584,391,20531,0
49,75225,438,21672,1
48,62952,780,45747,0
33,62663,748,25243,0
49,86381,632,8060,1
49,72929,639,18731,1
51,34343,351,17294,0
28,101173,765,25719,1
27,64791,774,31325,0
32,54134,700,27597,0
34,72101,738,6903,1
57,94443,808,19551,1
35,82530,452,32751,0
26,71799,813,29278,1
42,29827,802,30653,0
57,87653,305,20141,0
31,38699,799,7377,0
42,116419,417,38615,0
39,30313,784,32452,0
47,38598,767,27725,1
37,53807,460,14524,1
38,95423,569,16698,1
61,94390,355,48339,1
49,70226,527,26175,0
63,84550,448,17314,0
38,105072,345,49197,0
52,28558,443,7365,1
49,100308,639,37017,1
47,75113,712,37126,0
56,77999,819,48372,1
29,80878,643,49134,0
58,61343,686,42823,1
64,83219,772,10622,1
35,60186,574,35540,0
38,61966,652,45551,0
30,58769,365,6949,0
38,78218,378,47800,0
25,44229,501,36912,0
63,100209,412,37161,0
57,52877,390,49387,0
63,83001,440,21508,1
24,63084,588,48713,0
40,106780,710,6919,1
61,117892,676,47595,1
49,41806,683,14617,1
28,113635,451,14732,1
39,62034,618,38298,0
39,65317,668,45617,0
60,80468,761,11929,1
42,44094,311,42117,0
39,82796,455,19456,1
45,35589,776,49063,0
46,82221,700,26140,1
30,26657,476,23185,0
35,64531,640,42924,0
19,77227,356,29240,0
46,28164,747,26845,0
38,118078,502,14228,1
32,108973,501,26686,1
44,66247,629,16920,1
48,44601,662,12432,1
32,118966,753,49971,1
40,75599,655,11189,0
41,96545,515,33039,0
61,29552,322,38910,0
30,34417,454,35226,0
39,83579,485,12614,1
60,93207,548,26224,1
54,97055,433,23013,1
50,103270,620,26446,1
20,28722,689,44673,0
36,95442,733,42657,1
40,65031,321,9839,0
46,104235,424,41725,1
47,46438,378,35203,0
56,83819,350,5557,1
61,68856,475,35666,1
64,58576,552,42389,0
42,66938,545,38607,0
54,74028,405,29578,0
64,84807,492,14243,1
25,74877,615,14596,0
59,68461,601,11998,1
33,118474,847,15129,1
25,65469,567,5510,1
18,108136,469,16596,1
61,45435,754,17974,1
22,109117,591,6137,1
20,39191,440,32897,0
18,109726,445,9666,1
21,52386,724,13906,0
57,56721,613,26818,1
52,79786,483,48246,1
49,38704,427,7654,1
59,81635,586,38758,1
51,27123,552,29204,0
60,115710,685,39928,1
42,87993,529,35552,0
27,105122,570,15336,1
38,50416,714,21206,1
63,26814,497,39831,0
56,103537,622,48563,1
44,75258,355,23361,0
44,41508,502,46335,0
19,110166,437,13933,1
58,103916,721,30816,1
30,60699,356,20619,0
26,71335,370,42687,0
53,71806,671,31943,1
39,102853,813,31819,1
59,88768,383,16741,1
43,60739,342,13798,0
29,59785,432,30143,0
34,56980,694,37747,0
31,114335,364,38651,1
31,119702,589,26182,1
51,110016,675,14415,1
37,26609,766,16085,1
28,91253,512,20008,0
33,110481,447,27102,1
48,116128,770,23452,1
23,53141,448,13120,0
36,55009,387,12820,0
54,31782,623,49669,0
21,117072,695,23170,1
64,50933,703,21259,1
21,102154,381,27099,1
37,33307,585,14649,1
27,117207,681,35255,1
41,100874,569,46037,0
52,63346,591,16805,0
43,75772,752,48147,0
54,97084,323,13744,1
55,65149,610,46241,0
38,111700,760,37305,1
57,52526,507,30857,0
56,110712,737,15679,1
38,93477,837,34829,1
27,30695,635,15985,0
55,64169,721,33287,1
63,72947,620,17391,1
21,72224,796,9861,1
62,70865,462,39364,0
37,50553,840,21863,1
34,85410,464,36499,0
24,115895,594,32794,0
21,49816,341,47923,0
46,80026,584,12919,1
31,75705,686,48102,0
20,86922,437,25282,1
41,98914,486,39840,1
54,26881,730,47255,0
33,64567,715,10624,1
21,72365,725,38706,0
41,104211,715,13176,1
51,95122,325,38529,0
47,50006,670,17941,1
35,66198,684,6669,1
36,47831,355,44896,0
48,41459,552,25246,1
36,57443,405,49859,0
63,67316,429,45076,1
36,89486,675,25323,1
39,30877,607,38894,0
41,64553,390,11021,0
62,29922,692,44205,0
29,29686,833,44807,0
47,57766,409,41903,0
55,104943,639,49732,1
48,57006,655,13711,0
53,56422,467,12904,0
36,37205,751,40051,0
62,111590,404,25942,0
53,48527,449,29251,0
47,43443,445,30058,0
50,41524,598,40245,0
35,53202,466,8093,0
45,90552,347,29918,1
64,71142,538,12207,0
28,86692,306,14394,1
62,107384,763,31974,1
50,45855,752,33172,0
34,108747,670,37283,1
23,85372,848,43995,1
21,50095,786,18280,1
37,63724,510,41303,0
64,74241,464,32453,0
44,77003,424,48350,0
32,93379,636,7913,1
23,119837,491,30765,1
64,116996,513,7340,1
31,119283,627,31179,1
28,40972,680,32873,0
56,118846,538,43057,1
26,47927,831,5597,1
43,91630,381,34119,1
33,77347,662,20025,1
22,113860,804,12145,1
27,111210,501,40670,0
20,94518,803,46723,1
30,70283,336,12694,0
60,106326,701,9830,1
47,37205,475,28930,0
62,114874,844,28752,1
23,37748,766,47602,0
34,46097,500,15489,1
62,28092,839,37692,1
36,78311,846,20768,1
59,47692,693,48132,0
52,48862,341,7160,0
63,115396,692,25133,1
43,104507,740,40690,1
22,105152,805,27870,1
46,95469,619,29496,0
54,29926,514,41572,0
37,116299,370,7368,1
38,28969,535,45861,0
27,60733,580,41700,0
22,94855,461,34203,0
53,66743,490,16552,0
23,64876,308,10608,0
43,45323,359,27485,0
21,41428,524,47060,0
56,59578,586,14862,1
56,111486,468,43299,1
52,89140,361,15412,1
18,108829,648,26354,1
41,31364,741,11344,0
53,60349,313,45655,0
23,25691,463,22993,0
58,91467,719,33682,1
63,70896,819,33415,1
61,82062,847,24323,1
48,104762,327,22997,1
37,38861,745,8679,1
41,113302,507,34489,0
42,88928,769,45308,1
53,108231,403,14488,1
38,66347,725,44842,0
47,28121,400,8996,0
41,108793,840,10695,1
61,53164,821,35204,1
59,50491,405,28382,0
47,84222,576,19235,1
39,48165,364,7366,0
45,28748,487,32467,0
24,51553,616,11764,0
52,85380,437,30360,1
45,69331,642,36923,1
31,64560,404,35175,0
27,78865,845,21292,1
33,71686,679,6614,1
33,100910,409,25939,1
48,29675,844,23800,1
59,91706,653,28246,1
42,102986,616,36688,1
30,101216,565,32962,0
23,35068,364,34764,0
61,79460,632,37470,1
26,71418,812,43501,1
62,51206,432,8216,0
53,25287,839,27072,0
60,47337,834,33242,0
37,45666,795,42132,0
35,26161,668,22861,0
60,115071,398,9960,1
38,63751,616,23781,0
21,107063,422,46069,0
50,114389,619,36126,1
44,39758,794,46609,0
24,90780,756,27578,1
23,28178,821,45498,0
32,56831,819,22883,0
35,27176,614,34782,0
49,58654,841,21979,1
28,51627,778,38746,0
37,77550,319,5730,0
41,69910,429,5056,0
32,115417,592,36457,1
24,83251,431,7243,1
38,60422,655,6701,1
59,36984,353,13303,0
43,114312,686,20100,1
61,86386,564,47161,0
31,108291,514,5947,1
54,32135,759,25505,1
38,25320,757,11553,0
35,119171,342,38525,0
22,46684,577,19866,0
20,80913,429,35472,0
40,113774,649,49348,1
43,46889,843,10651,1
54,73899,405,12273,1
41,35770,300,15033,0
36,64321,731,8535,1
42,110962,605,23677,1
38,66777,826,22488,1
29,71250,352,46621,0
58,98034,819,5908,1
50,65130,629,9617,1
21,106931,624,47816,1
59,74346,413,35431,0
24,27537,446,28453,0
39,109762,465,40079,0
50,40216,678,21020,0
34,109149,438,31562,1
41,28009,598,29373,0
51,114904,575,35164,1
45,54327,477,6885,0
60,39209,653,6049,1
58,73443,453,48271,0
56,40029,500,6161,1
39,92613,414,5815,0
34,104443,367,41534,0
51,81997,744,32498,1
23,87559,744,30037,1
63,89892,625,41007,0
